source,source_id,player_id,method
bbref,abrinal01,203518,name_team
bbref,achiupr01,1630173,name_team
bbref,acyqu01,203112,name_team
bbref,adamsja01,1629121,name_team
bbref,adamsjo01,203919,name_team
bbref,adamsst01,203500,name_team
bbref,adebaba01,1628389,name_team
bbref,adelde01,1629061,name_team
bbref,adrieje01,202399,name_team
bbref,afflaar01,201167,name_team
bbref,agbajoc01,1630534,name_team
bbref,agerma01,200772,name_team
bbref,ahearbl01,201336,name_team
bbref,ajincal01,201582,name_team
bbref,akognjo01,203006,name_team
bbref,akoonde01,1629152,name_team
bbref,alabiso01,202374,name_team
bbref,aldamsa01,1630583,name_team
bbref,aldemfu01,203128,name_team
bbref,aldrico01,202332,name_team
bbref,aldrila01,200746,name_team
bbref,alexacl01,1626146,name_team
bbref,alexajo01,201570,name_team
bbref,alexaky01,1629734,name_team
bbref,alexani01,1629638,name_team
bbref,alexatr01,1641725,name_team
bbref,alexaty01,1630234,name_team
bbref,alkinra01,1628959,name_team
bbref,allengr01,1628960,name_team
bbref,allenja01,1628386,name_team
bbref,allenka01,1628443,name_team
bbref,allenla01,202730,name_team
bbref,allenma01,2124,name_team
bbref,allenra02,951,name_team
bbref,allenti01,1641851,name_team
bbref,allento01,2754,name_team
bbref,almonmo01,201165,name_team
bbref,alstora01,1747,name_team
bbref,alvarjo01,1630631,name_team
bbref,aminual01,202329,name_team
bbref,amundlo01,200811,name_team
bbref,anderal01,101187,name_team
bbref,anderan02,202079,name_team
bbref,anderch01,2365,name_team
bbref,anderda03,2431,name_team
bbref,anderja01,202341,name_team
bbref,anderju01,1626147,name_team
bbref,anderky01,203937,name_team
bbref,anderry01,201583,name_team
bbref,anigbik01,1628387,name_team
bbref,antetal01,1630828,name_team
bbref,antetgi01,203507,name_team
bbref,antetko01,1628961,name_team
bbref,antetth01,203648,name_team
bbref,anthoca01,2546,name_team
bbref,anthoco01,1630175,name_team
bbref,anthojo01,201202,name_team
bbref,anticpe01,203544,name_team
bbref,anunoog01,1628384,name_team
bbref,applike01,203951,name_team
bbref,arcidry01,1627853,name_team
bbref,arenagi01,2240,name_team
bbref,arizatr01,2772,name_team
bbref,armeltr01,1642422,name_team
bbref,armsthi01,200756,name_team
bbref,arroyca01,2306,name_team
bbref,artesro01,1897,name_team
bbref,arthuda01,201589,name_team
bbref,artisja01,1628503,name_team
bbref,asikom01,201600,player_page
bbref,atkinch01,1088,name_team
bbref,augusdj01,201571,name_team
bbref,avdijde01,1630166,name_team
bbref,ayayijo01,1630555,name_team
bbref,ayongu01,202970,name_team
bbref,aytonde01,1629028,name_team
bbref,azubuke01,101235,name_team
bbref,azubuud01,1628962,name_team
bbref,babbch01,203569,name_team
bbref,babbilu01,202337,name_team
bbref,bacondw01,1628407,name_team
bbref,badjiib01,1630641,name_team
bbref,baglema01,1628963,name_team
bbref,baglema02,1630542,name_team
bbref,baileac01,1642846,name_team
bbref,baileam01,1641735,name_team
bbref,bairsca01,203946,name_team
bbref,bakerro01,1627758,name_team
bbref,balad01,1642380,player_page
bbref,baldwpa01,1631116,name_team
bbref,baldwwa01,1627735,name_team
bbref,balkmre01,200764,name_team
bbref,ballla01,1630163,name_team
bbref,balllo01,1628366,name_team
bbref,bambamo01,1628964,name_team
bbref,banchpa01,1631094,name_team
bbref,banede01,1630217,name_team
bbref,banksma01,2556,name_team
bbref,bantoda01,1630625,name_team
bbref,barbeca01,1627760,name_team
bbref,barbole01,2571,name_team
bbref,bareajo01,200826,name_team
bbref,bargnan01,200745,name_team
bbref,barlodo01,1631230,name_team
bbref,barneha02,203084,name_team
bbref,barnema02,2440,name_team
bbref,barnesc01,1630567,name_team
bbref,barnhbr01,1642964,name_team
bbref,barrerj01,1629628,name_team
bbref,barroea01,2853,name_team
bbref,bartowi01,203115,name_team
bbref,bassbr01,101138,name_team
bbref,bassech01,1629646,name_team
bbref,basspa01,1628238,name_team
bbref,batesem01,1641734,name_team
bbref,bateske01,1628966,name_team
bbref,battish01,2203,name_team
bbref,battito01,1499,name_team
bbref,battlja01,1642419,name_team
bbref,batumni01,201587,name_team
bbref,baughda01,1641878,name_team
bbref,bayleje01,201573,name_team
bbref,baynear01,203382,name_team
bbref,bazemke01,203145,name_team
bbref,bazleda01,1629647,name_team
bbref,bealbr01,203078,name_team
bbref,beaslma01,1627736,name_team
bbref,beaslmi01,201563,name_team
bbref,beaubro01,201958,name_team
bbref,beaucma01,1630699,name_team
bbref,beekmre01,1641736,name_team
bbref,belinma01,201158,name_team
bbref,bellch01,2294,name_team
bbref,belljo01,1628395,name_team
bbref,bellra01,1952,name_team
bbref,bembrde01,1627761,name_team
bbref,bendedr01,1627733,name_team
bbref,bendejo01,1886,name_team
bbref,benimje01,203968,name_team
bbref,bennean01,203461,name_team
bbref,bensoke02,202728,name_team
bbref,bentibe01,1627791,name_team
bbref,berinjo01,1642866,name_team
bbref,bernaju01,1631262,name_team
bbref,bertada01,202722,name_team
bbref,bertada02,1629541,name_team
bbref,beverpa01,201976,name_team
bbref,beysa01,1630180,name_team
bbref,beyty01,1630189,name_team
bbref,bhullsi01,204021,name_team
bbref,bibbymi01,1710,name_team
bbref,biedran01,2740,name_team
bbref,billuch01,1497,name_team
bbref,birchkh01,203920,name_team
bbref,birdja01,1628444,name_team
bbref,bitadgo01,1629048,name_team
bbref,bitimon01,1641931,name_team
bbref,biyombi01,202687,name_team
bbref,bjeline01,202357,name_team
bbref,blackan01,1641710,name_team
bbref,blackle01,1641778,name_team
bbref,blackta01,204028,name_team
bbref,blairde01,201971,name_team
bbref,blakean01,1628469,name_team
bbref,blakest01,2581,name_team
bbref,blatcan01,101154,name_team
bbref,bledser01,202339,name_team
bbref,blevike01,1629833,name_team
bbref,blossja01,1628417,name_team
bbref,blueva01,203505,name_team
bbref,boehebu01,1631205,name_team
bbref,boganke01,2586,name_team
bbref,bogdabo01,203992,name_team
bbref,bogdabo02,202711,name_team
bbref,bogutan01,101106,name_team
bbref,bolbo01,1629626,name_team
bbref,boldejo01,1628413,name_team
bbref,boldema01,1629716,name_team
bbref,bolmale01,1630195,name_team
bbref,bolomjo01,1627762,name_team
bbref,bonaad01,1641737,name_team
bbref,bonejo01,1629648,name_team
bbref,bongais01,1629067,name_team
bbref,bonnema01,2588,name_team
bbref,bookede01,1626164,name_team
bbref,booketr01,202344,name_team
bbref,boonejo01,200767,name_team
bbref,boozeca01,2430,name_team
bbref,boshch01,2547,name_team
bbref,bostobr01,1630527,name_team
bbref,bouchch01,1628449,name_team
bbref,bouknja01,1630547,name_team
bbref,bouyeja01,1631123,name_team
bbref,bowenbr02,1628968,name_team
bbref,bowenry01,1763,name_team
bbref,bowmaky01,1629065,name_team
bbref,boykiea01,1863,name_team
bbref,brackcr01,202342,name_team
bbref,bradlav01,202340,name_team
bbref,bradlto01,1628396,name_team
bbref,brandel01,1882,name_team
bbref,branhma01,1631103,name_team
bbref,brantja01,1629714,name_team
bbref,braunch01,1631128,name_team
bbref,brazdig01,1629649,name_team
bbref,breako01,1642886,name_team
bbref,breweco01,201147,name_team
bbref,brewero02,200758,name_team
bbref,brezepr01,2056,name_team
bbref,bridgja01,1641779,name_team
bbref,bridgmi01,1628969,name_team
bbref,bridgmi02,1628970,name_team
bbref,brimaam01,1628578,name_team
bbref,briscis01,1628515,name_team
bbref,brissos01,1629052,name_team
bbref,brockiz01,1631167,name_team
bbref,brockjo01,201972,name_team
bbref,broekry01,1629151,name_team
bbref,brogdma01,1627763,name_team
bbref,brookaa01,201166,name_team
bbref,brookar01,1629717,name_team
bbref,brookdi01,1628415,name_team
bbref,brookke02,1631232,name_team
bbref,brookma01,202705,name_team
bbref,broomjo01,1641780,name_team
bbref,brownan02,1626148,name_team
bbref,brownbo02,201628,name_team
bbref,brownbr01,1628971,name_team
bbref,brownch02,1629718,name_team
bbref,brownch05,1630602,name_team
bbref,brownda04,1642468,name_team
bbref,brownde02,2484,name_team
bbref,brownde04,201974,name_team
bbref,browngr01,1630535,name_team
bbref,brownja01,203913,name_team
bbref,brownja02,1627759,name_team
bbref,brownke03,1631112,name_team
bbref,brownko01,1641738,name_team
bbref,brownkw01,2198,name_team
bbref,brownlo01,203485,name_team
bbref,brownma02,203900,name_team
bbref,brownmo01,1629650,name_team
bbref,brownsh01,200769,name_team
bbref,brownst02,1628425,name_team
bbref,browntr01,1628972,name_team
bbref,brunsja01,1628973,name_team
bbref,brussni01,1627852,name_team
bbref,bryanca01,1642868,name_team
bbref,bryanel01,1629091,name_team
bbref,bryanko01,977,name_team
bbref,bryanth01,1628418,name_team
bbref,buchash01,1629783,name_team
bbref,budinch01,201978,name_team
bbref,bufkiko01,1641723,name_team
bbref,bullore01,203493,name_team
bbref,burketr01,203504,name_team
bbref,burksal01,202692,name_team
bbref,burtode02,1629126,name_team
bbref,burtoty01,1631174,name_team
bbref,butleca01,2406,name_team
bbref,butleja02,1630215,name_team
bbref,butleji01,202710,name_team
bbref,butlejo01,1631219,name_team
bbref,butlera01,2446,name_team
bbref,buyckdw01,202779,name_team
bbref,buzelma01,1641824,name_team
bbref,byarsde01,201182,name_team
bbref,bynuman01,101115,name_team
bbref,bynumwi01,101198,name_team
bbref,cabocbr01,203998,name_team
bbref,cacokde01,1629719,name_team
bbref,cainja01,1631288,name_team
bbref,calatni01,201979,name_team
bbref,caldejo01,101181,name_team
bbref,caldwke01,203484,name_team
bbref,camarto01,1641739,name_team
bbref,cambyma01,948,name_team
bbref,campafa01,1630267,name_team
bbref,canaais01,203477,name_team
bbref,cancavl01,1628427,name_team
bbref,cannade01,1629962,name_team
bbref,capelca01,203991,name_team
bbref,caracde01,202382,name_team
bbref,cardibr01,2073,name_team
bbref,cardwdy01,1642928,name_team
bbref,careyve01,1630176,name_team
bbref,carlsbr01,1642382,name_team
bbref,carnero01,200760,name_team
bbref,carrica01,1642267,name_team
bbref,carrode01,201960,name_team
bbref,carroma01,2679,name_team
bbref,cartean01,1853,name_team
bbref,cartede02,1642269,name_team
bbref,carteje01,1628975,name_team
bbref,cartemi01,203487,name_team
bbref,cartevi01,1713,name_team
bbref,cartewe01,1628976,name_team
bbref,cartodj01,1630618,name_team
bbref,carusal01,1627936,name_team
bbref,casspom01,201956,name_team
bbref,castlco01,1630658,name_team
bbref,castlst01,1642264,name_team
bbref,caulewi01,1626161,name_team
bbref,caupatr01,1628505,name_team
bbref,cavanty01,1628463,name_team
bbref,caverah01,1629958,name_team
bbref,cazalma01,1630608,name_team
bbref,chalmma01,201596,name_team
bbref,champju01,1630551,name_team
bbref,champju02,1630577,name_team
bbref,chandke01,1631113,name_team
bbref,chandty01,2199,name_team
bbref,chandwi01,201163,name_team
bbref,chealjo01,1629147,name_team
bbref,cheatzy01,1629597,name_team
bbref,cherrwi01,203805,name_team
bbref,childjo01,2735,name_team
bbref,chiozch01,1629185,name_team
bbref,chomcul01,1642279,name_team
bbref,chrisca02,1642353,name_team
bbref,chrisdi01,202091,name_team
bbref,chrisjo01,1630528,name_team
bbref,chrisma01,1627737,name_team
bbref,chrisma02,1631108,name_team
bbref,chrispa01,203565,name_team
bbref,chrisra01,1626176,name_team
bbref,chrisse01,203902,name_team
bbref,cissemo01,1630619,name_team
bbref,cissosi01,1631321,name_team
bbref,clarkbr01,1629634,name_team
bbref,clarkco01,1626262,name_team
bbref,clarkea01,201947,name_team
bbref,clarkga01,1629109,name_team
bbref,clarkia01,203546,name_team
bbref,clarkja02,1641740,name_team
bbref,clarkjo01,203903,name_team
bbref,clavegi01,1628492,name_team
bbref,clavevi01,201964,name_team
bbref,claxtni01,1629651,name_team
bbref,claytwa01,1642383,name_team
bbref,clemoch01,1629598,name_team
bbref,clevean01,1628499,name_team
bbref,cliffni01,1642363,name_team
bbref,clingdo01,1642270,name_team
bbref,clownno01,1641730,name_team
bbref,coffeam01,1629599,name_team
bbref,coleno01,202708,name_team
bbref,collida01,201954,name_team
bbref,colliis01,1642268,name_team
bbref,collija03,2260,name_team
bbref,collija04,2215,name_team
bbref,collijo01,1628381,name_team
bbref,colliky01,1627858,name_team
bbref,collima01,200776,name_team
bbref,collini01,2555,name_team
bbref,collish01,202395,name_team
bbref,colliyu01,1641879,name_team
bbref,colliza01,1628380,name_team
bbref,colsobo01,1629045,name_team
bbref,comanch01,1628435,name_team
bbref,conlemi01,201144,name_team
bbref,connapa01,1626192,name_team
bbref,conrowi01,101215,name_team
bbref,cookbr01,2567,name_team
bbref,cookda02,201161,name_team
bbref,cookech01,1628429,name_team
bbref,cookeja01,1631451,name_team
bbref,cookqu01,1626188,name_team
bbref,cooksxa01,1641645,name_team
bbref,cookty01,1629076,name_team
bbref,cooleja01,204022,name_team
bbref,coopesh01,1630536,name_team
bbref,copelch01,203142,name_team
bbref,cornepe01,1627822,name_team
bbref,costema01,1627856,name_team
bbref,cottobr01,203955,name_team
bbref,coulibi01,1641731,name_team
bbref,councri01,1641741,name_team
bbref,couside01,202326,name_team
bbref,cousima01,202408,name_team
bbref,covinro01,203496,name_team
bbref,cowarce01,1642907,name_team
bbref,crabbal01,203459,name_team
bbref,craigto01,1628470,name_team
bbref,crawfis01,1642384,name_team
bbref,crawfja01,2037,name_team
bbref,crawfjo02,202348,name_team
bbref,creekmi01,1628249,manual
bbref,crowdja01,203109,name_team
bbref,crutcja01,1630622,name_team
bbref,cryerlj01,1643018,name_team
bbref,cuiyo01,1642385,player_page
bbref,culveja01,1629633,name_team
bbref,cumbeja01,1629600,name_team
bbref,cunnica01,1630595,name_team
bbref,cunnida01,201967,name_team
bbref,cunnija01,203099,name_team
bbref,curryed01,2201,name_team
bbref,curryja01,201191,name_team
bbref,curryse01,203552,name_team
bbref,curryst01,201939,name_team
bbref,dadiepa01,1642359,name_team
bbref,dalemsa01,2223,name_team
bbref,dampier01,956,name_team
bbref,daniean01,1498,name_team
bbref,daniedy01,1630700,name_team
bbref,daniema01,2605,name_team
bbref,danietr01,203584,name_team
bbref,darlina01,1630268,name_team
bbref,dasiltr01,1641783,name_team
bbref,datomlu01,203540,name_team
bbref,daviebr01,203561,name_team
bbref,davisan02,203076,name_team
bbref,davisba01,1884,name_team
bbref,davisde01,1627738,name_team
bbref,davised01,202334,name_team
bbref,davisgl01,201175,name_team
bbref,davisjd01,1631120,name_team
bbref,davisjo02,2668,manual
bbref,davisjo06,1631098,name_team
bbref,davispa01,200781,name_team
bbref,davisri01,1729,name_team
bbref,daviste02,1629056,name_team
bbref,davisty01,1629093,name_team
bbref,dawkian01,203958,name_team
bbref,dawsobr01,1626183,name_team
bbref,dawsoer01,201286,name_team
bbref,dayeau01,201948,name_team
bbref,daysda01,1630620,name_team
bbref,deckga01,1630466,name_team
bbref,decolna01,201986,name_team
bbref,dedmode01,203473,name_team
bbref,dejeabr01,1626214,name_team
bbref,dekkesa01,1626155,name_team
bbref,delanma01,1627098,name_team
bbref,delauja01,1629602,name_team
bbref,delfica01,2568,name_team
bbref,delgaan01,1629116,name_team
bbref,dellama01,203521,name_team
bbref,demineg01,1642856,name_team
bbref,denglu01,2736,name_team
bbref,dennide01,1641926,name_team
bbref,dennira01,1642484,name_team
bbref,dentmju01,202458,name_team
bbref,derozde01,201942,name_team
bbref,derrima01,1629094,name_team
bbref,diabamo01,1631217,name_team
bbref,diakima01,1629603,name_team
bbref,diallch01,1627767,name_team
bbref,diallha01,1628977,name_team
bbref,diawamo01,1642885,name_team
bbref,diawaya01,200821,name_team
bbref,diawbo01,2564,name_team
bbref,dickgr01,1641711,name_team
bbref,dickihu01,1630621,name_team
bbref,dienetr01,101143,name_team
bbref,dienggo01,203476,name_team
bbref,diengou01,1631172,name_team
bbref,dilliro01,1642265,name_team
bbref,dinwisp01,203915,name_team
bbref,dioguik01,101113,name_team
bbref,diopde01,2205,name_team
bbref,divindo01,1628978,name_team
bbref,doncilu01,1629029,name_team
bbref,doolike01,2039,name_team
bbref,dorsejo01,201595,name_team
bbref,dorsety01,1628416,name_team
bbref,dortlu01,1629652,name_team
bbref,dosunay01,1630245,name_team
bbref,dotsoda01,1628422,name_team
bbref,dotsode01,1629653,name_team
bbref,douglch01,201604,name_team
bbref,douglto01,201962,name_team
bbref,doumbse01,1629635,name_team
bbref,dowdeza01,202220,name_team
bbref,dowtije01,1630288,name_team
bbref,doylemi01,1628495,name_team
bbref,doziepj01,1628408,name_team
bbref,dragigo01,201609,name_team
bbref,dragizo01,204054,name_team
bbref,drellhe01,1630929,name_team
bbref,drewla02,203580,name_team
bbref,drumman01,203083,name_team
bbref,duartch01,1630537,name_team
bbref,ducasal01,1642505,name_team
bbref,dudleja01,201162,name_team
bbref,duhonch01,2768,name_team
bbref,dukandu01,1626251,name_team
bbref,dukeda01,1630561,name_team
bbref,duncati01,1495,name_team
bbref,dunlemi02,2399,name_team
bbref,dunnkr01,1627739,name_team
bbref,dunnry01,1642346,name_team
bbref,duprero01,2648,name_team
bbref,duranke01,201142,name_team
bbref,durenja01,1631105,name_team
bbref,duvaltr01,1628979,name_team
bbref,dysonje01,202406,name_team
bbref,earlycl01,203921,name_team
bbref,easonta01,1631106,name_team
bbref,ebankde01,202365,name_team
bbref,echenja01,1630693,name_team
bbref,eddieja01,204067,name_team
bbref,edeyza01,1641744,name_team
bbref,edgecvj01,1642845,name_team
bbref,edwaran01,1630162,name_team
bbref,edwarca01,1629035,name_team
bbref,edwarje01,1642399,name_team
bbref,edwarju01,1642348,name_team
bbref,edwarke02,1630556,name_team
bbref,edwarro01,1630306,name_team
bbref,edwarsh01,202197,name_team
bbref,edwarvi01,1629053,player_page
bbref,ellebcj01,1629604,name_team
bbref,ellenhe01,1627740,name_team
bbref,ellinwa01,201961,name_team
bbref,elliske01,1631165,name_team
bbref,ellismo01,101145,name_team
bbref,elsonfr01,1922,name_team
bbref,elyme01,2408,name_team
bbref,embiijo01,203954,name_team
bbref,emmetan01,2765,name_team
bbref,enarutr01,1642400,name_team
bbref,engliki01,203119,name_team
bbref,ennisja01,203516,name_team
bbref,ennisty01,203898,name_team
bbref,erdense01,201623,name_team
bbref,essenno01,1642855,name_team
bbref,etienty01,1630623,name_team
bbref,eubandr01,1629234,name_team
bbref,evansja01,1628393,name_team
bbref,evansja02,1628980,name_team
bbref,evansje01,202379,name_team
bbref,evansma01,2230,name_team
bbref,evansre01,2501,name_team
bbref,evansty01,201936,name_team
bbref,evbuoto01,1641787,name_team
bbref,ewingpa02,201607,name_team
bbref,exumda01,203957,name_team
bbref,eyengch01,201963,name_team
bbref,ezelife01,203105,name_team
bbref,fallta01,1629605,name_team
bbref,farieke01,202702,name_team
bbref,farmajo01,200770,name_team
bbref,favervi01,203543,player_page
bbref,favorde01,202324,name_team
bbref,fearsje01,1642847,name_team
bbref,feldeka01,1627770,name_team
bbref,feliccr01,1626245,name_team
bbref,felixca01,203467,name_team
bbref,feltora01,101109,name_team
bbref,fergute01,1628390,name_team
bbref,fernabr01,1628981,name_team
bbref,fernaru01,201164,name_team
bbref,ferreyo01,1627812,name_team
bbref,fesenky01,201178,name_team
bbref,fieldla01,202361,name_team
bbref,filipky01,1642271,name_team
bbref,finlemi01,714,name_team
bbref,finnedo01,1627827,name_team
bbref,fishede01,965,name_team
bbref,fittsma01,1630238,name_team
bbref,flaggco01,1642843,name_team
bbref,flaglad01,1641745,name_team
bbref,flemira01,1642853,name_team
bbref,flowetr01,1642280,name_team
bbref,flynnjo01,201938,name_team
bbref,flynnma01,1630201,name_team
bbref,fontesi01,1631323,name_team
bbref,footeje01,202880,name_team
bbref,forbebr01,1627854,name_team
bbref,forbega01,201814,name_team
bbref,fordal03,1630758,name_team
bbref,fordjo01,1630259,name_team
bbref,fordtj01,2551,name_team
bbref,forretr01,1630235,name_team
bbref,fortsco01,202622,name_team
bbref,fosteje01,1902,name_team
bbref,fostemi02,1630701,name_team
bbref,fournev01,203095,name_team
bbref,foxde01,1628368,name_team
bbref,foyera01,200751,name_team
bbref,frankja01,203479,name_team
bbref,frankro01,1629606,name_team
bbref,frazime01,1628982,name_team
bbref,frazimi01,1626187,name_team
bbref,fraziti01,204025,name_team
bbref,fredeji01,202690,name_team
bbref,freeljo01,200777,name_team
bbref,freemen01,1642402,name_team
bbref,freemja01,1631241,name_team
bbref,fryech01,101112,name_team
bbref,fudgeal01,1641788,name_team
bbref,fultzma01,1628365,name_team
bbref,funkan01,1641847,name_team
bbref,furphjo01,1642277,name_team
bbref,gabriwe01,1629117,name_team
bbref,gadzuda01,2429,name_team
bbref,gaffoda01,1629655,name_team
bbref,gainesu01,202178,name_team
bbref,gallida01,201568,name_team
bbref,gallola01,204038,name_team
bbref,garcian01,1643158,name_team
bbref,garcifr01,101128,name_team
bbref,gardnmy01,1642066,name_team
bbref,garinpa01,1627868,name_team
bbref,garlada01,1629636,name_team
bbref,garneke01,708,name_team
bbref,garrebi01,1628656,name_team
bbref,garredi02,203197,name_team
bbref,garrema01,1630585,name_team
bbref,garubus01,1630586,name_team
bbref,garzalu01,1630568,name_team
bbref,gasolma01,201188,name_team
bbref,gasolpa01,2200,name_team
bbref,gateska01,1629232,name_team
bbref,gayru01,200752,name_team
bbref,gbinimi01,1627771,name_team
bbref,geeal01,202087,name_team
bbref,gelabmi01,101153,name_team
bbref,georgde01,1904,name_team
bbref,georgke01,1641718,name_team
bbref,georgky01,1642273,name_team
bbref,georgma01,1627875,name_team
bbref,georgpa01,202331,name_team
bbref,gibsoda01,200789,name_team
bbref,gibsojo01,1626780,name_team
bbref,gibsota01,201959,name_team
bbref,giddejo01,1630581,name_team
bbref,giddejr01,201592,name_team
bbref,gilbeke01,1642933,name_team
bbref,gildetr01,201821,name_team
bbref,gilesha01,1628385,name_team
bbref,gilgesh01,1628983,name_team
bbref,gillan01,1630264,name_team
bbref,gilleco01,1631221,name_team
bbref,gillefr01,1630273,name_team
bbref,gilyaja01,1631367,name_team
bbref,ginobma01,1938,name_team
bbref,gladnmi01,202148,name_team
bbref,goberru01,203497,name_team
bbref,goldivl01,1642884,name_team
bbref,gomesry01,101155,name_team
bbref,gonzahu01,1642864,name_team
bbref,goodedr01,2400,name_team
bbref,goodwar01,203462,name_team
bbref,goodwbr01,1629164,name_team
bbref,goodwjo01,1630692,name_team
bbref,gordoaa01,203932,name_team
bbref,gordobe01,2732,name_team
bbref,gordodr01,204079,name_team
bbref,gordoer01,201569,name_team
bbref,gortama01,101162,name_team
bbref,gortmja01,1641789,name_team
bbref,goudean01,202726,name_team
bbref,grahade01,1628984,name_team
bbref,grahajo01,101121,name_team
bbref,grahast01,101211,name_team
bbref,grahatr01,1626203,name_team
bbref,grangda01,101122,name_team
bbref,grantdo01,1629055,name_team
bbref,grantje01,203924,name_team
bbref,grantje02,1626170,name_team
bbref,graveha01,1629755,name_team
bbref,grayaa01,201189,name_team
bbref,grayha01,1643060,name_team
bbref,grayjo01,1627982,name_team
bbref,grayra01,1630564,name_team
bbref,greenaj01,1631260,name_team
bbref,greenda02,201980,name_team
bbref,greendo01,201590,name_team
bbref,greendr01,203110,name_team
bbref,greener01,203475,name_team
bbref,greenge01,101123,name_team
bbref,greenja01,203210,name_team
bbref,greenja02,1629750,name_team
bbref,greenja05,1630224,name_team
bbref,greenje02,201145,name_team
bbref,greenjo02,1630182,name_team
bbref,greenor01,101158,name_team
bbref,greenwi01,2584,name_team
bbref,griffaj01,1631100,name_team
bbref,griffbl01,201933,name_team
bbref,griffta01,201981,name_team
bbref,grimequ01,1629656,name_team
bbref,gudurma01,1629741,name_team
bbref,gueyemo01,1631338,name_team
bbref,gueyemo02,1631243,name_team
bbref,gutiejo01,203268,name_team
bbref,guyky01,1629657,name_team
bbref,hachiru01,1629060,name_team
bbref,haddaha01,201632,name_team
bbref,haganas01,1630204,name_team
bbref,hairsma01,201612,name_team
bbref,hairspj02,203798,name_team
bbref,haislma01,2409,name_team
bbref,halibty01,1630169,name_team
bbref,hallde01,1628985,name_team
bbref,halldo01,1629743,name_team
bbref,halljo01,1630221,name_team
bbref,halljo02,1631160,name_team
bbref,hallpj01,1641790,name_team
bbref,hallty01,1629788,name_team
bbref,hamilda02,1627772,name_team
bbref,hamiljo02,202706,name_team
bbref,hamilju01,203120,name_team
bbref,hamilri01,1888,name_team
bbref,hammoaj01,1627773,name_team
bbref,hamptrj01,1630181,name_team
bbref,hannadu01,1628605,name_team
bbref,hansbbe01,203162,name_team
bbref,hansbty01,201946,name_team
bbref,haranlu01,202376,name_team
bbref,hardati02,203501,name_team
bbref,hardeja01,201935,name_team
bbref,hardyja02,1630702,name_team
bbref,harklej01,1641989,name_team
bbref,harklma01,203090,name_team
bbref,harpedy01,1642844,name_team
bbref,harpeja01,1629607,name_team
bbref,harpeju01,202712,name_team
bbref,harpero02,1631199,name_team
bbref,harrejo01,202725,name_team
bbref,harremo01,1626149,name_team
bbref,harriaa01,1626151,name_team
bbref,harrial01,1733,name_team
bbref,harrian01,1626150,name_team
bbref,harride01,2734,name_team
bbref,harriel01,203548,name_team
bbref,harriga01,203914,name_team
bbref,harrija01,1630223,name_team
bbref,harrijo01,203925,name_team
bbref,harrike01,1630284,name_team
bbref,harrima01,202412,name_team
bbref,harrimi01,200839,name_team
bbref,harrish01,1627885,name_team
bbref,harrite01,202227,name_team
bbref,harrito02,202699,name_team
bbref,harteis01,1628392,name_team
bbref,hartja01,2078,name_team
bbref,hartjo01,1628404,name_team
bbref,hasleud01,2617,name_team
bbref,hassetr01,2239,name_team
bbref,hausesa01,1630573,name_team
bbref,hawessp01,201150,name_team
bbref,hawkijo01,1641722,name_team
bbref,hayesch01,101236,name_team
bbref,hayesja01,2553,name_team
bbref,hayesja02,1629637,name_team
bbref,hayeski01,1630165,name_team
bbref,hayesni01,1628502,name_team
bbref,haywago01,202330,name_team
bbref,haywala01,202351,name_team
bbref,haywobr01,2217,name_team
bbref,headlu01,101129,name_team
bbref,hearnre01,203687,name_team
bbref,hendege02,201945,name_team
bbref,hendesc01,1630703,name_team
bbref,hendrta01,1641707,name_team
bbref,henryaa01,1630565,name_team
bbref,henrymy01,1627988,name_team
bbref,henryxa01,202333,name_team
bbref,hensojo01,203089,name_team
bbref,hepbuch01,1642935,name_team
bbref,hernade01,1629608,name_team
bbref,hernaju01,1627823,name_team
bbref,hernawi01,1626195,name_team
bbref,herroty01,1629639,name_team
bbref,herveke01,1628987,name_team
bbref,hezonma01,1626209,name_team
bbref,hibbero01,201579,name_team
bbref,hicksis01,1628439,name_team
bbref,hicksjj01,201581,name_team
bbref,hieldbu01,1627741,name_team
bbref,higgico01,202809,name_team
bbref,highsha01,1629312,name_team
bbref,hilarne01,2403,name_team
bbref,hillge01,201588,name_team
bbref,hillgr01,255,name_team
bbref,hillida01,1626199,name_team
bbref,hilljo01,201941,name_team
bbref,hillma01,1630792,name_team
bbref,hillso01,203524,name_team
bbref,hinriki01,2550,name_team
bbref,hinsobl01,1642396,name_team
bbref,hintona01,1630207,name_team
bbref,hoardja01,1629658,name_team
bbref,hobsoda01,202359,name_team
bbref,hodgedm01,1641793,name_team
bbref,holidaa01,1628988,name_team
bbref,holidjr01,201950,name_team
bbref,holidju01,203200,name_team
bbref,hollajo02,204066,name_team
bbref,hollaro01,1641842,player_page
bbref,holliro01,1626178,name_team
bbref,holliry01,200797,name_team
bbref,holmeda01,1641747,name_team
bbref,holmeri01,1626158,name_team
bbref,holmgch01,1631096,name_team
bbref,honeyty01,202715,name_team
bbref,hoodro01,203918,name_team
bbref,hoodsja01,1641720,name_team
bbref,hopsosc01,203816,name_team
bbref,horfoal01,201143,name_team
bbref,hornede01,202862,name_team
bbref,hortota01,1629659,name_team
bbref,houseda01,1627863,name_team
bbref,houseed01,2067,name_team
bbref,houstca01,1631216,name_team
bbref,howardw01,2730,name_team
bbref,howarje01,1641724,name_team
bbref,howarjo01,2572,name_team
bbref,howarju01,436,name_team
bbref,howarma02,1630210,name_team
bbref,howarwi01,1629739,name_team
bbref,hudgitr01,1631309,name_team
bbref,hudsole01,201991,name_team
bbref,huertke01,1628989,name_team
bbref,huertma01,1626273,name_team
bbref,huestjo01,203962,name_team
bbref,huffja01,1630643,name_team
bbref,hugheel01,1630190,name_team
bbref,hughela01,1716,name_team
bbref,hukpoar01,1630574,name_team
bbref,hummero01,203133,name_team
bbref,humphis01,1629353,name_team
bbref,humphkr01,2743,name_team
bbref,huntech01,201805,name_team
bbref,huntede01,1629631,name_team
bbref,hunteli01,283,name_team
bbref,hunteot01,201629,name_team
bbref,hunterj01,1626154,name_team
bbref,huntest01,2212,name_team
bbref,huntevi01,1626205,player_page
bbref,huntfe01,1630624,name_team
bbref,huntlcj01,1643047,name_team
bbref,hurtma01,1630562,player_page
bbref,hutchch01,1628990,name_team
bbref,hylanbo01,1630538,name_team
bbref,ibakase01,201586,name_team
bbref,ighodos01,1642345,name_team
bbref,iguodan01,2738,name_team
bbref,ilgauzy01,980,name_team
bbref,ilyaser01,101141,name_team
bbref,inglejo01,204060,name_team
bbref,inglida01,203996,name_team
bbref,ingraan01,201281,name_team
bbref,ingrabr01,1627742,name_team
bbref,ingraha01,1631127,name_team
bbref,irvinky01,202681,name_team
bbref,isaacjo01,1628371,name_team
bbref,iversal01,947,name_team
bbref,iveyja01,1631093,name_team
bbref,iveyro01,2767,name_team
bbref,iwundwe01,1628411,name_team
bbref,jackja01,101127,name_team
bbref,jacksaa01,1628935,name_team
bbref,jacksan01,1641748,name_team
bbref,jacksce01,202132,name_team
bbref,jacksda01,201616,name_team
bbref,jacksde01,1627743,name_team
bbref,jacksfr01,1628402,name_team
bbref,jacksgg01,1641713,name_team
bbref,jacksis01,1630543,name_team
bbref,jacksja02,1628991,name_team
bbref,jacksjo02,1628367,name_team
bbref,jacksju01,1628382,name_team
bbref,jackspi01,203510,name_team
bbref,jacksqu01,1631245,name_team
bbref,jacksre01,202704,name_team
bbref,jacksst02,1536,name_team
bbref,jackstr02,1631218,name_team
bbref,jakucka01,1642857,name_team
bbref,jamesbe01,203108,name_team
bbref,jamesbr02,1642355,name_team
bbref,jamesda01,202345,name_team
bbref,jamesju01,1629713,name_team
bbref,jamesle01,2544,name_team
bbref,jamesmi01,2229,name_team
bbref,jamesmi02,1628455,name_team
bbref,jamessi01,1642883,name_team
bbref,jamisan01,1712,name_team
bbref,jaqueja01,1631170,name_team
bbref,jarrede01,1630610,name_team
bbref,jawaina01,201605,name_team
bbref,jeffeal01,2744,name_team
bbref,jeffeam01,1628518,name_team
bbref,jeffeco01,203928,name_team
bbref,jeffeot01,201785,name_team
bbref,jefferi01,2210,name_team
bbref,jeffrda01,1629610,name_team
bbref,jeffrja01,2407,name_team
bbref,jemistr01,1641998,name_team
bbref,jenkich01,202724,name_team
bbref,jenkida01,1642450,name_team
bbref,jenkijo01,203098,name_team
bbref,jennibr01,201943,name_team
bbref,jerebjo01,201973,name_team
bbref,jeromty01,1629660,name_team
bbref,jerregr01,203511,name_team
bbref,jetereu01,200817,manual
bbref,jianlyi01,201146,name_team
bbref,joeis01,1630198,name_team
bbref,johnsaj01,1642358,name_team
bbref,johnsal02,1628993,name_team
bbref,johnsam01,101161,name_team
bbref,johnsan02,1533,name_team
bbref,johnsar02,202356,name_team
bbref,johnsbj01,1629168,name_team
bbref,johnsbr02,1627744,name_team
bbref,johnsca01,201291,name_team
bbref,johnsca02,1629661,name_team
bbref,johnsch03,202419,name_team
bbref,johnsch04,203187,name_team
bbref,johnsch06,1643052,name_team
bbref,johnsda03,203130,name_team
bbref,johnsda04,1626177,name_team
bbref,johnsda08,1630525,name_team
bbref,johnsiv01,201274,name_team
bbref,johnsja01,201949,name_team
bbref,johnsja02,202707,name_team
bbref,johnsja05,1630552,name_team
bbref,johnsjo02,2207,name_team
bbref,johnske04,1629640,name_team
bbref,johnske07,1630553,name_team
bbref,johnske08,1641749,name_team
bbref,johnske10,1642352,name_team
bbref,johnsni01,203910,name_team
bbref,johnsom01,204179,name_team
bbref,johnsor01,203111,name_team
bbref,johnsst04,1626169,name_team
bbref,johnstr01,201234,name_team
bbref,johnstr03,1642848,name_team
bbref,johnsty01,204020,name_team
bbref,johnswe01,202325,name_team
bbref,jokicni01,203999,name_team
bbref,jonesca03,1630637,name_team
bbref,jonesco02,1641732,name_team
bbref,jonescu01,1642938,name_team
bbref,jonesda02,2563,name_team
bbref,jonesda03,1627745,name_team
bbref,jonesda06,1642357,name_team
bbref,jonesde01,203199,name_team
bbref,jonesde02,1627884,name_team
bbref,jonesdi01,1641794,name_team
bbref,jonesdo02,202346,name_team
bbref,jonesdw02,101204,name_team
bbref,joneshe01,1630529,name_team
bbref,jonesis01,1642403,name_team
bbref,jonesja02,2592,name_team
bbref,jonesja04,1627883,name_team
bbref,jonesje01,1629203,name_team
bbref,joneska01,1630539,name_team
bbref,joneska03,1642880,name_team
bbref,joneske01,203158,name_team
bbref,jonesma05,1630222,name_team
bbref,jonespe01,203103,name_team
bbref,jonesso01,200780,name_team
bbref,jonessp01,1642461,name_team
bbref,joneste01,203093,name_team
bbref,jonestr01,1630200,name_team
bbref,jonesty01,1626145,name_team
bbref,jordade01,201599,name_team
bbref,jordaje01,202366,name_team
bbref,josepco01,202709,name_team
bbref,josepkr01,203126,name_team
bbref,jovicni01,1631107,name_team
bbref,juzanjo01,1630548,name_team
bbref,kabenmf01,1629662,name_team
bbref,kalaige01,1630686,name_team
bbref,kalkbry01,1641750,name_team
bbref,kamanch01,2549,name_team
bbref,kaminfr01,1626163,name_team
bbref,kanteen01,202683,name_team
bbref,kaponja01,2574,name_team
bbref,karasse01,203508,name_team
bbref,karlco01,201207,name_team
bbref,kaunsa01,201619,name_team
bbref,kawamyu01,1642530,name_team
bbref,keelstr01,1631211,name_team
bbref,kelleky01,1630283,name_team
bbref,kellymi02,1642939,name_team
bbref,kellyry01,203527,name_team
bbref,kennalu01,1628379,name_team
bbref,kennedj01,202810,name_team
bbref,kentja01,1643257,name_team
bbref,kesslwa01,1631117,name_team
bbref,keybr01,1630296,name_team
bbref,kiddgmi01,203077,name_team
bbref,kiddja01,467,name_team
bbref,kiddst01,1629742,name_team
bbref,kilpase01,203930,name_team
bbref,kingge03,1628994,name_team
bbref,kinglo02,1629663,name_team
bbref,kirilan01,1905,name_team
bbref,kirkal01,203945,name_team
bbref,kispeco01,1630557,name_team
bbref,klebima01,1628467,name_team
bbref,kleizli01,101132,name_team
bbref,klintbo01,1641752,name_team
bbref,knechda01,1642261,name_team
bbref,knighbr03,202688,name_team
bbref,knighna01,1630233,name_team
bbref,knoxke01,1628995,name_team
bbref,knuepko01,1642851,name_team
bbref,kolekty01,1642278,name_team
bbref,kolokch01,1631132,name_team
bbref,konanya01,1642949,name_team
bbref,konchjo01,1629723,name_team
bbref,korkmfu01,1627788,name_team
bbref,kornelu01,1628436,name_team
bbref,korveky01,2594,name_team
bbref,koufoko01,201585,name_team
bbref,kravtvi01,203139,name_team
bbref,krejcvi01,1630249,name_team
bbref,krstine01,2420,name_team
bbref,kulboar01,1629083,name_team
bbref,kuminjo01,1630228,name_team
bbref,kurucro01,1629066,name_team
bbref,kuzmaky01,1628398,name_team
bbref,kuzmimi01,1627851,name_team
bbref,kuzmiog01,203136,name_team
bbref,labissk01,1627746,name_team
bbref,lafayol01,201802,name_team
bbref,lamban01,1630237,name_team
bbref,lambdo01,203117,name_team
bbref,lambje01,203087,name_team
bbref,landajo01,1629111,name_team
bbref,landrca01,201171,name_team
bbref,landrma01,202068,name_team
bbref,langfro01,1629641,name_team
bbref,laniech01,1642404,name_team
bbref,laproni01,1627879,name_team
bbref,laravja01,1631222,name_team
bbref,larkish01,203499,name_team
bbref,larsspe01,1641796,name_team
bbref,lauvejo01,203530,name_team
bbref,lavinza01,203897,name_team
bbref,lawac01,201151,name_team
bbref,lawalga01,202371,name_team
bbref,lawsoaj01,1630639,name_team
bbref,lawsoty01,201951,name_team
bbref,lawvi01,1629724,name_team
bbref,laymaja01,1627774,name_team
bbref,leaftj01,1628388,name_team
bbref,lecquja01,1629665,name_team
bbref,ledori01,203495,name_team
bbref,leeco01,201584,name_team
bbref,leeda02,101135,name_team
bbref,leeda03,1627814,name_team
bbref,leema01,202723,name_team
bbref,leesa01,1630240,name_team
bbref,lemonwa01,1627215,name_team
bbref,lenal01,203458,name_team
bbref,leonaka01,202695,name_team
bbref,leoname01,203086,name_team
bbref,leonsma01,1642502,name_team
bbref,leslitr01,202727,name_team
bbref,leuerjo01,202720,name_team
bbref,leverca01,1627747,name_team
bbref,lewiski01,1630184,name_team
bbref,lewisma05,1641721,name_team
bbref,lewisra02,1740,name_team
bbref,lewissc01,1630575,name_team
bbref,liddeej01,1630604,name_team
bbref,liggide01,202732,name_team
bbref,lillada01,203081,name_team
bbref,linje01,202391,name_team
bbref,littlna01,1629642,name_team
bbref,livelde01,1641726,name_team
bbref,liveris01,1630587,name_team
bbref,livinch01,1641753,name_team
bbref,livinsh01,2733,name_team
bbref,loftoke01,1631254,name_team
bbref,loftoza01,1629155,name_team
bbref,longsh01,1627848,name_team
bbref,looneke01,1626172,name_team
bbref,lopezbr01,201572,name_team
bbref,lopezro01,201577,name_team
bbref,louzama01,1629712,name_team
bbref,loveca01,1631126,name_team
bbref,loveke01,201567,name_team
bbref,loverla01,1643133,name_team
bbref,lowryky01,200768,name_team
bbref,loydjo01,1628070,name_team
bbref,lucasjo02,101249,name_team
bbref,lucaska01,203564,name_team
bbref,lundbga01,1630994,name_team
bbref,lundyse01,1641754,name_team
bbref,luwawti01,1627789,name_team
bbref,lydonty01,1628399,name_team
bbref,lylestr01,1626168,name_team
bbref,machasc01,203159,name_team
bbref,macklve01,202731,name_team
bbref,macksh01,202714,name_team
bbref,maconda01,1629133,name_team
bbref,macurjp01,1629122,name_team
bbref,magetjo01,203705,name_team
bbref,maggeco01,1894,name_team
bbref,magloja01,2048,name_team
bbref,magnawi01,1630266,name_team
bbref,mahinia01,101133,name_team
bbref,makerth01,1627748,name_team
bbref,maledth01,1630177,name_team
bbref,maluakh01,1642863,name_team
bbref,mamuksa01,1630572,name_team
bbref,maneka01,1630211,name_team
bbref,mannini01,1630185,name_team
bbref,mannte01,1629611,name_team
bbref,manntr01,1630544,name_team
bbref,manonch01,1643024,name_team
bbref,marblde01,203906,name_team
bbref,mariosh01,1890,name_team
bbref,marjabo01,1626246,name_team
bbref,markkla01,1628374,name_team
bbref,marksse01,1752,name_team
bbref,marshke01,203088,name_team
bbref,marshna01,1630230,name_team
bbref,martial01,1642918,name_team
bbref,martica01,201858,name_team
bbref,martica02,1628997,name_team
bbref,martico01,1628998,name_team
bbref,martija01,1626185,name_team
bbref,martija02,1641798,name_team
bbref,martije02,1629725,name_team
bbref,martike01,2030,name_team
bbref,martike02,2755,name_team
bbref,martike03,1629103,name_team
bbref,martike04,1630231,name_team
bbref,martity01,1631213,name_team
bbref,mashaja01,1642942,name_team
bbref,masonde01,2046,name_team
bbref,masonfr01,1628412,name_team
bbref,masonro01,2427,name_team
bbref,matenya01,1628999,name_team
bbref,mathega01,1629726,name_team
bbref,mathida01,1629751,name_team
bbref,mathima01,1628493,name_team
bbref,mathube01,1631097,name_team
bbref,matkoka01,1631255,name_team
bbref,matthwe02,202083,player_page
bbref,maxeyty01,1630178,name_team
bbref,maxieja01,101131,name_team
bbref,maynoer01,201953,name_team
bbref,mayooj01,201564,name_team
bbref,mayse01,101118,name_team
bbref,mayssk01,1630219,name_team
bbref,mbahalu01,201601,name_team
bbref,mbengbe01,1643016,name_team
bbref,mbengdj01,2788,name_team
bbref,mcadoja01,203949,name_team
bbref,mcbrimi01,1630540,name_team
bbref,mccaija01,1642272,name_team
bbref,mccalra01,203492,name_team
bbref,mccalta01,1628769,name_team
bbref,mccawpa01,1627775,name_team
bbref,mcclesh01,1627815,name_team
bbref,mccluma01,1630644,name_team
bbref,mccolcj01,203468,name_team
bbref,mccontj01,204456,name_team
bbref,mccreer01,1628571,name_team
bbref,mcculch01,1626191,name_team
bbref,mcculke01,1641755,name_team
bbref,mcdanja01,1629667,name_team
bbref,mcdanja02,1630183,name_team
bbref,mcdankj01,203909,name_team
bbref,mcderdo01,203926,name_team
bbref,mcderse01,1630253,name_team
bbref,mcdyean01,686,name_team
bbref,mcgarmi01,203956,name_team
bbref,mcgeeja01,201580,name_team
bbref,mcgowbr01,1631121,name_team
bbref,mcgratr01,1503,name_team
bbref,mcgrica01,1630787,name_team
bbref,mcgruro01,203585,name_team
bbref,mcguido01,201187,name_team
bbref,mckinal01,1628035,name_team
bbref,mckintr01,203590,name_team
bbref,mclauja01,1630605,name_team
bbref,mclaujo01,1629162,name_team
bbref,mclembe01,203463,name_team
bbref,mcneaje01,202077,name_team
bbref,mcneeli01,1642862,name_team
bbref,mcraejo01,203895,name_team
bbref,mcrobjo01,201177,name_team
bbref,mcveija01,1629098,name_team
bbref,meeksjo01,201975,name_team
bbref,mejrisa01,1626257,name_team
bbref,mekelga01,203539,name_team
bbref,mellini01,1629740,name_team
bbref,melofa01,203097,name_team
bbref,meltode01,1629001,name_team
bbref,mensana01,1641877,name_team
bbref,mensapo01,200822,name_team
bbref,merrisa01,1630241,name_team
bbref,metuch01,1629002,name_team
bbref,micicva01,203995,name_team
bbref,mickejo01,1626175,name_team
bbref,middlkh01,203114,name_team
bbref,mikaer01,1628450,name_team
bbref,milescj01,101139,name_team
bbref,milicda01,2545,name_team
bbref,millean02,1889,name_team
bbref,millebr01,1802,name_team
bbref,millebr02,1641706,name_team
bbref,milleda01,203121,name_team
bbref,milleem01,1641801,name_team
bbref,millejo02,1641757,name_team
bbref,millele01,1631159,name_team
bbref,millema01,1626259,name_team
bbref,millemi01,2034,name_team
bbref,millequ01,203113,name_team
bbref,millsel01,202407,name_team
bbref,millspa01,200794,name_team
bbref,millspa02,201988,name_team
bbref,miltosh01,1629003,name_team
bbref,minayju01,1631303,name_team
bbref,mingya01,2397,name_team
bbref,minixri01,1642434,name_team
bbref,minotjo01,1631169,name_team
bbref,mirotni01,202703,name_team
bbref,missiyv01,1642274,name_team
bbref,mitchaj01,1642349,name_team
bbref,mitchda01,1630558,name_team
bbref,mitchdo01,1628378,name_team
bbref,mitchto02,203502,name_team
bbref,mitchto03,203183,name_team
bbref,mitrona01,1628513,name_team
bbref,mobleev01,1630596,name_team
bbref,mobleis01,1630600,name_team
bbref,mogbojo01,1642367,name_team
bbref,mohamna01,1737,name_team
bbref,mokokad01,1629690,name_team
bbref,monekch01,1631320,name_team
bbref,monkma01,1628370,name_team
bbref,monrogr01,202328,name_team
bbref,montelu01,1626242,name_team
bbref,moodymo01,1630541,name_team
bbref,moonema01,1629760,name_team
bbref,moonja01,200081,name_team
bbref,moonxa01,1629875,name_team
bbref,moorebe01,1628500,name_team
bbref,mooreet01,202734,name_team
bbref,mooremi01,1630,name_team
bbref,mooreta02,1631386,name_team
bbref,moorewe01,1631111,name_team
bbref,moralal01,1631457,name_team
bbref,moranja01,1629630,name_team
bbref,moreler01,203961,name_team
bbref,morgaju01,1629752,name_team
bbref,morriad01,200747,name_team
bbref,morrida01,202721,name_team
bbref,morrija01,1628537,name_team
bbref,morrima02,202693,name_team
bbref,morrima03,202694,name_team
bbref,morrimo01,1628420,name_team
bbref,morrira01,201043,name_team
bbref,morroan01,201627,name_team
bbref,motiedo01,202700,name_team
bbref,motlejo01,1628405,name_team
bbref,moultar01,203102,name_team
bbref,mozgoti01,202389,name_team
bbref,mudiaem01,1626144,name_team
bbref,muhamsh01,203498,name_team
bbref,muldemy01,1628539,name_team
bbref,mulleby01,201957,name_team
bbref,munfoxa02,204098,name_team
bbref,murkead01,1630278,name_team
bbref,murpher01,203513,name_team
bbref,murphke01,203122,name_team
bbref,murphtr01,2211,name_team
bbref,murphtr02,1630530,name_team
bbref,murraco01,1642867,name_team
bbref,murrade01,1627749,name_team
bbref,murraja01,1627750,name_team
bbref,murrake02,1631099,name_team
bbref,murrakr01,1631200,name_team
bbref,murraro01,2436,manual
bbref,murryto01,203315,name_team
bbref,musadz01,1629058,name_team
bbref,muscami01,203488,name_team
bbref,mykhasv01,1629004,name_team
bbref,naderab01,1627846,name_team
bbref,najered01,2059,name_team
bbref,nancela02,1626204,name_team
bbref,nancepe01,1631250,name_team
bbref,napiesh01,203894,name_team
bbref,nashst01,959,name_team
bbref,ndiayha01,202380,name_team
bbref,ndourma01,1626254,name_team
bbref,nealga01,202390,name_team
bbref,nedovne01,203517,name_team
bbref,nelsogr02,1641761,name_team
bbref,nelsoja01,2749,name_team
bbref,nembhan01,1629614,name_team
bbref,nembhrj01,1630612,name_team
bbref,nembhry01,1642948,name_team
bbref,nesmiaa01,1630174,name_team
bbref,nestera01,1725,name_team
bbref,netora01,203526,name_team
bbref,newelas01,1642854,name_team
bbref,newmama01,1629005,name_team
bbref,newtotr01,1641803,name_team
bbref,nfalyda01,1642368,name_team
bbref,niangge01,1627777,name_team
bbref,nichoan01,203094,name_team
bbref,nixda01,1630227,name_team
bbref,nnajize01,1630192,name_team
bbref,noahjo01,201149,name_team
bbref,nocioan01,2804,name_team
bbref,noelne01,203457,name_team
bbref,noguelu01,203512,name_team
bbref,norrimi01,1641936,name_team
bbref,norveza01,1629668,name_team
bbref,novakst01,200779,name_team
bbref,nowelja01,1629669,name_team
bbref,nowelma01,1641806,name_team
bbref,nowitdi01,1717,name_team
bbref,ntilila01,1628373,name_team
bbref,nunnaja01,203263,name_team
bbref,nunnke01,1629134,name_team
bbref,nurkiju01,203994,name_team
bbref,nwabada01,1628021,name_team
bbref,nworajo01,1629670,name_team
bbref,obertfa01,101177,name_team
bbref,obriejj01,1626266,name_team
bbref,obryajo01,203948,name_team
bbref,obryapa01,200753,name_team
bbref,ochefda01,1627849,name_team
bbref,odengr01,201141,name_team
bbref,odomla01,1885,name_team
bbref,odurojo01,1642490,name_team
bbref,ohlbrti01,203317,name_team
bbref,ojelese01,1628400,name_team
bbref,okafoem01,2731,name_team
bbref,okafoja01,1626143,name_team
bbref,okanito01,1643253,name_team
bbref,okekech01,1629643,name_team
bbref,okoboel01,1629059,name_team
bbref,okogijo01,1629006,name_team
bbref,okongon01,1630168,name_team
bbref,okorois01,1630171,name_team
bbref,okpalkz01,1629644,name_team
bbref,okurme01,2246,name_team
bbref,oladivi01,203506,name_team
bbref,olbrila01,1642950,name_team
bbref,olivaqu01,1642439,name_team
bbref,oliveca01,1628419,name_team
bbref,ollieke01,1563,name_team
bbref,olynyke01,203482,name_team
bbref,omierno01,1641807,name_team
bbref,omorueu01,1630647,name_team
bbref,onealje01,979,name_team
bbref,onealro01,1626220,name_team
bbref,onealsh01,406,name_team
bbref,onimi01,1629671,name_team
bbref,onuakar01,202620,name_team
bbref,onuakch01,1627778,name_team
bbref,oquinky01,203124,name_team
bbref,ortonda01,202350,name_team
bbref,osmande01,1626224,name_team
bbref,oturuda01,1630187,name_team
bbref,oubreke01,1626162,name_team
bbref,outlatr01,2566,name_team
bbref,owensla01,202082,name_team
bbref,owensta01,1629745,name_team
bbref,pachuza01,2585,name_team
bbref,paigeja01,1629873,name_team
bbref,paigema01,1627779,name_team
bbref,palmetr01,1629309,name_team
bbref,pangoke01,1630698,name_team
bbref,papagge01,1627834,name_team
bbref,papanko01,203123,name_team
bbref,pargoja01,2457,name_team
bbref,pargoje01,202951,name_team
bbref,parkean01,1515,name_team
bbref,parkeja01,203953,name_team
bbref,parketo01,2225,name_team
bbref,parsoch01,202718,name_team
bbref,pascher01,1629672,name_team
bbref,pasecan01,1628394,name_team
bbref,pattela01,203934,name_team
bbref,pattepa01,202335,name_team
bbref,pattoju01,1628383,name_team
bbref,paulbr01,203464,name_team
bbref,paulch01,101108,name_team
bbref,pavloal01,2562,name_team
bbref,paynead01,203940,name_team
bbref,payneca01,1626166,name_team
bbref,paytoel01,203901,name_team
bbref,paytoga02,1627780,name_team
bbref,peavymi01,1642877,name_team
bbref,pecheol01,200762,name_team
bbref,pedulse01,1642951,name_team
bbref,pekovni01,201593,name_team
bbref,pelleno01,203658,name_team
bbref,pendano01,1642869,name_team
bbref,pendeje02,201965,name_team
bbref,pereima01,1641970,name_team
bbref,perkike01,2570,name_team
bbref,perralo01,1628506,name_team
bbref,perryre01,1629617,name_team
bbref,peteral01,1628409,name_team
bbref,peterdr01,1641809,name_team
bbref,petermo01,2050,name_team
bbref,peterta01,1643007,name_team
bbref,petrojo01,101130,name_team
bbref,petrufi01,1630196,name_team
bbref,phillju01,1641763,name_team
bbref,pickeja01,1630691,name_team
bbref,pickeja02,1629618,name_team
bbref,piercpa01,1718,name_team
bbref,pietrmi01,2554,name_team
bbref,pinsoth01,1629033,name_team
bbref,pippesc02,1630590,name_team
bbref,pittmde01,202354,name_team
bbref,pleisti01,202353,player_page
bbref,plowdda01,1631342,name_team
bbref,plumlma01,203486,name_team
bbref,plumlma02,1627850,name_team
bbref,plumlmi01,203101,name_team
bbref,podzibr01,1641764,name_team
bbref,poeltja01,1627751,name_team
bbref,poirivi01,1629738,name_team
bbref,pokusal01,1630197,name_team
bbref,pondequ01,202347,name_team
bbref,pondssh01,1629044,name_team
bbref,ponsyv01,1630582,name_team
bbref,poolejo01,1629673,name_team
bbref,portecr01,1641854,name_team
bbref,portejo01,1629007,name_team
bbref,porteke02,1629645,name_team
bbref,portemi01,1629008,name_team
bbref,porteot01,203490,name_team
bbref,portibo01,1626171,name_team
bbref,porzikr01,204001,name_team
bbref,poseyja01,1899,name_team
bbref,postqu01,1642366,name_team
bbref,pottemi01,1630695,name_team
bbref,poulajo01,1642967,name_team
bbref,poweldr01,1642962,name_team
bbref,poweldw01,203939,name_team
bbref,powele01,200796,name_team
bbref,poweljo01,2694,name_team
bbref,powelmy01,1629619,name_team
bbref,powelno01,1626181,name_team
bbref,poythal01,1627816,name_team
bbref,pressph01,203515,name_team
bbref,prestja01,1630554,name_team
bbref,priceaj01,201985,name_team
bbref,pricero01,101179,name_team
bbref,prigipa01,203143,name_team
bbref,primojo01,1630563,name_team
bbref,princta01,2419,name_team
bbref,princta02,1627752,name_team
bbref,pritcpa01,1630202,name_team
bbref,proctty01,1642878,name_team
bbref,prospol01,1641765,name_team
bbref,przybjo01,2038,name_team
bbref,pulleja01,1626643,name_team
bbref,pullizy01,1642389,name_team
bbref,purviro01,1628681,name_team
bbref,qizh01,1627753,name_team
bbref,quartti01,1627817,name_team
bbref,queende01,1642852,name_team
bbref,queentr01,1630243,name_team
bbref,quetane01,1629674,name_team
bbref,quickim01,1630193,name_team
bbref,quinnch01,200809,name_team
bbref,quinole01,1631311,name_team
bbref,rabbiv01,1628397,name_team
bbref,radmavl01,2209,name_team
bbref,radulmi01,203545,name_team
bbref,ramseja01,1630186,name_team
bbref,randlch01,1626184,name_team
bbref,randlju01,203944,name_team
bbref,randoan01,201576,name_team
bbref,randosh01,101183,name_team
bbref,randoza01,2216,name_team
bbref,rathaxa01,1628504,name_team
bbref,ratlith01,689,name_team
bbref,rautian01,202360,name_team
bbref,raynama01,1642875,name_team
bbref,reathdu01,1641871,name_team
bbref,reaveau01,1630559,name_team
bbref,reavejo02,1629729,name_team
bbref,reddica01,1629629,name_team
bbref,reddmi01,2072,name_team
bbref,redicjj01,200755,name_team
bbref,reedda01,1628432,name_team
bbref,reedpa01,1630194,name_team
bbref,reedwi02,203186,name_team
bbref,reeseal01,1642024,name_team
bbref,reeseju01,1642882,name_team
bbref,reevean01,1641810,name_team
bbref,reidna01,1629675,name_team
bbref,reidry01,202385,name_team
bbref,reynoca01,1629244,player_page
bbref,rhodeja01,1631197,name_team
bbref,ricegl02,203318,name_team
bbref,richach01,201181,name_team
bbref,richaja01,2202,name_team
bbref,richaja02,1642859,name_team
bbref,richajo01,1626196,name_team
bbref,richama01,1627781,name_team
bbref,richani01,1630208,name_team
bbref,richaqu01,2047,name_team
bbref,richawi02,1642954,name_team
bbref,richmka01,1642955,name_team
bbref,ridnolu01,2557,name_team
bbref,rileywi01,1642860,name_team
bbref,rillegr01,1630203,name_team
bbref,risacza01,1642258,name_team
bbref,riverau01,203085,name_team
bbref,robbili01,1641857,name_team
bbref,roberan03,203460,name_team
bbref,roberbr01,203148,name_team
bbref,robinde01,1628421,name_team
bbref,robindu01,1629130,name_team
bbref,robingl02,203922,name_team
bbref,robinje01,1629010,name_team
bbref,robinje02,1630526,name_team
bbref,robinju01,1629620,name_team
bbref,robinmi01,1629011,name_team
bbref,robinna01,101126,name_team
bbref,robinor01,1631115,name_team
bbref,robinth01,203080,name_team
bbref,robyis01,1629676,name_team
bbref,roddyda01,1631223,name_team
bbref,rodrise01,200771,name_team
bbref,rolliry01,1631157,name_team
bbref,rondora01,200765,name_team
bbref,rosede01,201565,name_team
bbref,rossqu01,2624,name_team
bbref,rosste01,203082,name_team
bbref,roweja01,1642050,name_team
bbref,roybr01,200750,name_team
bbref,roziete01,1626179,name_team
bbref,rubiori01,201937,name_team
bbref,rudezda01,204014,name_team
bbref,ruperra01,1641712,name_team
bbref,rushbr01,201575,name_team
bbref,rushka01,2416,name_team
bbref,russeda01,1626156,name_team
bbref,russewa02,201041,name_team
bbref,ryanco01,1642504,name_team
bbref,ryanma01,1630346,name_team
bbref,sabondo01,1627734,name_team
bbref,sacrero01,203135,name_team
bbref,salauti01,1642275,name_team
bbref,sallihu01,1642282,name_team
bbref,salmojo01,2422,name_team
bbref,samanlu01,1629677,name_team
bbref,sampsbr01,1629102,name_team
bbref,sampsja02,203960,name_team
bbref,samueje01,1631257,name_team
bbref,samuesa01,202396,name_team
bbref,sandeko01,1642920,name_team
bbref,sandela01,202336,name_team
bbref,sandfpa01,1642362,name_team
bbref,sanogad01,1641766,name_team
bbref,santogu01,1630611,name_team
bbref,sarafbe01,1642879,name_team
bbref,saricda01,203967,name_team
bbref,sarral01,1642259,name_team
bbref,sarrol01,1630846,name_team
bbref,sassema01,1631204,name_team
bbref,satorto01,203107,name_team
bbref,scalabr01,2243,name_team
bbref,schakjo01,1630648,name_team
bbref,scheiba01,1631248,name_team
bbref,schofad01,1629678,name_team
bbref,schrode01,203471,name_team
bbref,scolalu01,2449,name_team
bbref,scottmi01,203118,name_team
bbref,scotttr01,1630286,player_page
bbref,scrubja01,1630206,name_team
bbref,seabrde01,1631220,name_team
bbref,searsma01,1641813,name_team
bbref,sefolth01,200757,name_team
bbref,selbyjo01,202729,name_team
bbref,seldewa01,1627782,name_team
bbref,sengual01,1630578,name_team
bbref,sensabr01,1641729,name_team
bbref,serapke01,202338,name_team
bbref,sessira01,201196,name_team
bbref,sextoco01,1629012,name_team
bbref,shakumu01,201203,name_team
bbref,shamela01,1629013,name_team
bbref,shannte01,1630545,name_team
bbref,sharpda01,1630549,name_team
bbref,sharpsh01,1631101,name_team
bbref,shayoma01,1629621,name_team
bbref,sheadja01,1642347,name_team
bbref,shengto01,203129,name_team
bbref,sheppbe01,1641767,name_team
bbref,sheppre01,1642263,name_team
bbref,shulgma01,1642917,name_team
bbref,shumpim01,202697,name_team
bbref,shvedal01,203144,name_team
bbref,siakapa01,1627783,name_team
bbref,siberjo01,1626296,name_team
bbref,silasxa01,202918,name_team
bbref,silerga01,202081,name_team
bbref,silvach01,1629735,name_team
bbref,simmobe01,1627732,name_team
bbref,simmobo01,2250,name_team
bbref,simmojo02,203613,name_team
bbref,simmoko01,1628424,name_team
bbref,simonan01,1629014,name_team
bbref,simonma01,1630250,name_team
bbref,simpskj01,1642354,name_team
bbref,simpsza01,1630285,name_team
bbref,simshe01,203156,name_team
bbref,simsja01,1631301,name_team
bbref,simsje01,1630579,name_team
bbref,singlch01,202698,name_team
bbref,singlja01,101189,name_team
bbref,singlky01,202713,name_team
bbref,sirvyde01,1629686,name_team
bbref,sivape01,203491,name_team
bbref,skapidm01,1631376,name_team
bbref,skinnbr01,1730,name_team
bbref,slawsja01,1641771,name_team
bbref,sloando01,202388,name_team
bbref,smailal01,1629346,name_team
bbref,smallja01,1642914,name_team
bbref,smartja01,1630606,name_team
bbref,smartma01,203935,name_team
bbref,smithch05,203147,name_team
bbref,smithcr01,200783,name_team
bbref,smithde03,1628372,name_team
bbref,smithdr01,1630696,name_team
bbref,smithgr02,202962,name_team
bbref,smithis01,202397,name_team
bbref,smithja02,201160,name_team
bbref,smithja04,1630188,name_team
bbref,smithja05,1631095,name_team
bbref,smithje01,202536,name_team
bbref,smithjo02,693,name_team
bbref,smithjo03,2746,name_team
bbref,smithjr01,2747,name_team
bbref,smithma02,1641869,name_team
bbref,smithni01,1641733,name_team
bbref,smithno01,202701,name_team
bbref,smithru01,203893,name_team
bbref,smithte01,1631173,name_team
bbref,smithto05,1642449,name_team
bbref,smithty02,1641890,name_team
bbref,smithzh01,1629015,name_team
bbref,sneedxa01,1630270,name_team
bbref,snellto01,203503,name_team
bbref,sochaje01,1631110,name_team
bbref,songada01,2443,name_team
bbref,southja01,203480,name_team
bbref,spaldra01,1629034,name_team
bbref,speigma01,201578,name_team
bbref,spellom01,1629016,name_team
bbref,spencca01,1642285,name_team
bbref,spencpa01,1630311,name_team
bbref,splitti01,201168,name_team
bbref,sprinja01,1630531,name_team
bbref,stackje01,711,name_team
bbref,stanlca01,1630199,name_team
bbref,stausni01,203917,name_team
bbref,stephal01,1627293,name_team
bbref,stephdj01,203474,name_team
bbref,stephla01,202362,name_team
bbref,stevede01,2052,name_team
bbref,steveis01,1641815,name_team
bbref,stevela01,1630205,name_team
bbref,stewais01,1630191,name_team
bbref,stiemgr01,201880,name_team
bbref,stockda01,204065,name_team
bbref,stojape01,978,name_team
bbref,stokeja01,203950,name_team
bbref,stonedi01,1627754,name_team
bbref,stoneju01,202933,name_team
bbref,stoudam01,2405,name_team
bbref,strawju01,1631124,name_team
bbref,strusma01,1629622,name_team
bbref,stuckro01,201155,name_team
bbref,suggsja01,1630591,name_team
bbref,sullija01,203096,name_team
bbref,summeda01,201969,name_team
bbref,sumneed01,1628410,name_team
bbref,swanica01,1628403,name_team
bbref,swideco01,1631306,name_team
bbref,swordcr01,1628591,name_team
bbref,sykeske01,1626208,name_team
bbref,sypa01,202377,name_team
bbref,tateja01,1630256,name_team
bbref,tatumja01,1628369,name_team
bbref,tavarwa01,204002,name_team
bbref,taylois01,1627819,name_team
bbref,tayloje02,201966,name_team
bbref,tayloje03,203106,player_page
bbref,taylote01,1630678,name_team
bbref,tayloty01,203116,name_team
bbref,teaguje01,201952,name_team
bbref,teaguma01,203104,name_team
bbref,teletmi01,203141,name_team
bbref,telfase01,2742,name_team
bbref,telfoja01,1643141,name_team
bbref,templga01,202066,name_team
bbref,teodomi01,1628462,name_team
bbref,terreja01,1629123,name_team
bbref,terryda01,1631207,name_team
bbref,terryem01,1629150,name_team
bbref,terryja01,1891,name_team
bbref,terryty01,1630179,name_team
bbref,teskejo01,1630257,name_team
bbref,thabeha01,201934,name_team
bbref,theisda01,1628464,name_team
bbref,thierad01,1642876,name_team
bbref,thomaad01,203519,name_team
bbref,thomabr01,1630271,name_team
bbref,thomaca02,1630560,name_team
bbref,thomaet01,2041,name_team
bbref,thomais02,202738,name_team
bbref,thomake01,1903,name_team
bbref,thomakh01,1629017,name_team
bbref,thomaku01,703,name_team
bbref,thomala01,202498,name_team
bbref,thomama01,202952,name_team
bbref,thomama02,1629744,name_team
bbref,thomati01,1501,name_team
bbref,thomaty01,200748,name_team
bbref,thompam01,1641708,name_team
bbref,thompau01,1641709,name_team
bbref,thompet01,1630679,name_team
bbref,thompho01,203138,name_team
bbref,thompja02,201574,name_team
bbref,thompkl01,202691,name_team
bbref,thompmy02,202814,name_team
bbref,thomptr01,202684,player_page
bbref,thomptr02,202717,name_team
bbref,thorjt01,1630550,name_team
bbref,thornal01,201154,name_team
bbref,thornma01,201977,name_team
bbref,thornsi01,1628414,name_team
bbref,thybuma01,1629680,name_team
bbref,tilliki02,1629681,name_team
bbref,tillmxa01,1630214,name_team
bbref,timmedr01,1631166,name_team
bbref,tinslja01,2224,name_team
bbref,tobeymi01,1627861,name_team
bbref,toddis01,1630225,name_team
bbref,tollian01,201229,name_team
bbref,tomlina01,1641772,name_team
bbref,tonjejo01,1642910,name_team
bbref,topicni01,1642260,name_team
bbref,toppija01,1631210,name_team
bbref,toppiob01,1630167,name_team
bbref,toscaju01,1629308,name_team
bbref,toupaax01,1626253,name_team
bbref,townska01,1626157,name_team
bbref,traorno01,1642849,name_team
bbref,travelu01,1631247,name_team
bbref,trentga02,1629018,name_team
bbref,trieral01,1629019,name_team
bbref,tshieos01,1631131,name_team
bbref,tuckeal02,201169,name_team
bbref,tuckepj01,200782,name_team
bbref,tuckera01,1629730,name_team
bbref,turiaro01,101142,name_team
bbref,turkohe01,2045,name_team
bbref,turneev01,202323,name_team
bbref,turnemy01,1626167,name_team
bbref,tylerje01,202719,name_team
bbref,tysonhu01,1641816,name_team
bbref,tysonja01,1642281,name_team
bbref,ubileed01,202775,name_team
bbref,udohek01,202327,name_team
bbref,udokaim01,2137,name_team
bbref,udrihbe01,2757,name_team
bbref,ukicro01,101146,name_team
bbref,ulisty01,1627755,name_team
bbref,umudest01,1630649,name_team
bbref,uthofja01,1627784,name_team
bbref,uzohbe01,202386,name_team
bbref,valanjo01,202685,name_team
bbref,valende01,1627756,name_team
bbref,vandeja01,1629020,name_team
bbref,vanvlfr01,1627832,name_team
bbref,varejan01,2760,name_team
bbref,varnaja01,202363,name_team
bbref,vasqugr01,202349,name_team
bbref,vassede01,1630170,name_team
bbref,vaughra01,1626173,name_team
bbref,veselja01,202686,name_team
bbref,vezenal01,1628426,name_team
bbref,vildolu01,1630492,name_team
bbref,villach01,101111,name_team
bbref,vincega01,1629216,name_team
bbref,vonleno01,203943,name_team
bbref,vucevni01,202696,name_team
bbref,vujacsa01,2756,name_team
bbref,vukcetr01,1641774,name_team
bbref,wadede01,1629731,name_team
bbref,wadedw01,2548,name_team
bbref,wafervo01,101144,name_team
bbref,wagnefr01,1630532,name_team
bbref,wagnemo01,1629021,name_team
bbref,wainris01,1630688,name_team
bbref,waitedi01,203079,name_team
bbref,walkebi01,201611,name_team
bbref,walkeja01,1631133,name_team
bbref,walkeja02,1641716,name_team
bbref,walkeke02,202689,name_team
bbref,walkelo01,1629022,name_team
bbref,walkemj01,1630640,name_team
bbref,wallabe01,1112,name_team
bbref,wallaca01,1641717,name_team
bbref,wallage01,2222,name_team
bbref,wallake01,1630811,name_team
bbref,wallara01,739,name_team
bbref,wallaty01,1627820,name_team
bbref,walljo01,202322,name_team
bbref,walshjo01,1641775,name_team
bbref,walteja01,1642266,name_team
bbref,waltode01,1628476,name_team
bbref,waltolu01,2575,name_team
bbref,wanambr01,202954,name_team
bbref,wareca01,203810,name_team
bbref,wareke01,1642276,name_team
bbref,warneja01,1627866,name_team
bbref,warretj01,203933,name_team
bbref,warrewi01,202378,name_team
bbref,warriha01,101124,name_team
bbref,washbju01,1627395,name_team
bbref,washidu02,1630613,name_team
bbref,washipj01,1629023,name_team
bbref,washity02,1631102,name_team
bbref,watanyu01,1629139,name_team
bbref,waterli01,1630322,name_team
bbref,watertr01,1629682,name_team
bbref,watfotr01,1630570,name_team
bbref,watkida01,201208,name_team
bbref,watkija01,1642364,name_team
bbref,watsoan02,1641817,name_team
bbref,watsocj01,201228,name_team
bbref,watsoea01,2248,name_team
bbref,watsopa01,1628778,name_team
bbref,watsope01,1631212,name_team
bbref,waynsma01,203146,name_team
bbref,wearda01,204033,name_team
bbref,weartr01,204037,name_team
bbref,weathqu01,1629683,name_team
bbref,weaveky01,201602,name_team
bbref,webbja01,1627821,name_team
bbref,weberbr01,1627362,name_team
bbref,webstma02,101110,name_team
bbref,weemsso01,201603,name_team
bbref,wellsja01,1642377,name_team
bbref,welshth01,1629118,name_team
bbref,wembavi01,1641705,name_team
bbref,weslebl01,1631104,name_team
bbref,westbru01,201566,name_team
bbref,westda01,2561,name_team
bbref,westde01,2753,name_team
bbref,westma02,201238,name_team
bbref,wheelph02,1630762,name_team
bbref,whitean01,1628510,name_team
bbref,whiteco01,1629632,name_team
bbref,whiteda01,1641727,name_team
bbref,whitede01,1628401,name_team
bbref,whitedj01,201591,name_team
bbref,whiteha01,202355,name_team
bbref,whiteis01,1627785,name_team
bbref,whiteja02,200778,name_team
bbref,whiteja03,1631298,name_team
bbref,whiteok01,1627855,name_team
bbref,whitero03,203091,name_team
bbref,whitmca01,1641715,name_team
bbref,whittgr01,204222,name_team
bbref,whittsh01,203963,name_team
bbref,wieskjo01,1630580,name_team
bbref,wiggiaa01,1630598,name_team
bbref,wiggian01,203952,name_team
bbref,wiggili01,1629623,name_team
bbref,wilcoch01,2404,name_team
bbref,wilcocj01,203912,name_team
bbref,wileyja01,1628451,name_team
bbref,wilkida02,2863,name_team
bbref,wilksmi01,2366,name_team
bbref,willial03,1626210,name_team
bbref,willial06,1631214,name_team
bbref,william01,1642873,name_team
bbref,willibr03,1630314,name_team
bbref,willicj01,203710,name_team
bbref,willico04,1642262,name_team
bbref,willide01,101114,name_team
bbref,willide02,202682,name_team
bbref,willido02,1631495,name_team
bbref,williel01,202343,name_team
bbref,willigr01,1629684,name_team
bbref,willija02,1715,name_team
bbref,willija04,101214,name_team
bbref,willija06,1631114,name_team
bbref,willija07,1631119,name_team
bbref,willije02,1631466,name_team
bbref,willijo03,202716,name_team
bbref,willijo04,1629140,name_team
bbref,willike04,1629026,name_team
bbref,willilo02,101150,name_team
bbref,willilu01,1631351,name_team
bbref,willima01,2590,name_team
bbref,willima02,101107,name_team
bbref,willima03,200766,name_team
bbref,willima05,1628475,name_team
bbref,willima07,1631109,name_team
bbref,willima11,1642013,name_team
bbref,willini01,1628430,name_team
bbref,willipa01,1630172,name_team
bbref,willire02,202130,name_team
bbref,williro04,1629057,name_team
bbref,willise01,201157,name_team
bbref,willish02,200749,name_team
bbref,willish03,200761,name_team
bbref,willite01,201944,name_team
bbref,willitr02,1627786,name_team
bbref,willivi01,1631246,name_team
bbref,willizi01,1629627,name_team
bbref,willizi02,1630533,name_team
bbref,wilsodj01,1628391,name_team
bbref,wilsoja02,203966,name_team
bbref,wilsoja03,1630592,name_team
bbref,wiltjky01,1627787,name_team
bbref,windldy01,1629685,name_team
bbref,winslju01,1626159,name_team
bbref,winstca01,1630216,name_team
bbref,wisemja01,1630164,name_team
bbref,witheje01,203481,name_team
bbref,wolfda01,1642874,name_team
bbref,woltena01,203489,name_team
bbref,wongis01,1631209,name_team
bbref,woodaro01,1630218,name_team
bbref,woodch01,1626174,name_team
bbref,wrighan01,101120,name_team
bbref,wrighbr03,201148,name_team
bbref,wrighch01,202874,name_team
bbref,wrighch02,203203,name_team
bbref,wrighde01,1626153,name_team
bbref,wrighdo01,2748,name_team
bbref,wrighju01,201153,name_team
bbref,wrighju02,1629625,name_team
bbref,wrighmc01,1630593,name_team
bbref,wrighmo01,1630589,name_team
bbref,wroteto01,203100,name_team
bbref,yabusgu01,1627824,name_team
bbref,yangha01,1642905,name_team
bbref,yorkga01,1628221,name_team
bbref,youngch01,1642959,name_team
bbref,youngja01,203923,name_team
bbref,youngja05,1642443,name_team
bbref,youngjo01,1626202,name_team
bbref,youngni01,201156,name_team
bbref,youngsa01,201970,name_team
bbref,youngth01,201152,name_team
bbref,youngtr01,1629027,name_team
bbref,yurtsom01,1630209,name_team
bbref,zelleco01,203469,name_team
bbref,zellelu01,202545,name_team
bbref,zellety01,203092,name_team
bbref,zikarro01,1642911,name_team
bbref,zimmest01,1627757,name_team
bbref,zipsepa01,1627835,name_team
bbref,zizican01,1627790,name_team
bbref,zubaciv01,1627826,name_team
