source,abbrev,team_id,first_season,last_season
espn,ATL,1610612737,2019,
espn,BOS,1610612738,2019,
espn,BRK,1610612751,2019,
espn,CHA,1610612766,2019,
espn,CHI,1610612741,2019,
espn,CLE,1610612739,2019,
espn,DAL,1610612742,2019,
espn,DEN,1610612743,2019,
espn,DET,1610612765,2019,
espn,GSW,1610612744,2019,
espn,HOU,1610612745,2019,
espn,IND,1610612754,2019,
espn,LAC,1610612746,2019,
espn,LAL,1610612747,2019,
espn,MEM,1610612763,2019,
espn,MIA,1610612748,2019,
espn,MIL,1610612749,2019,
espn,MIN,1610612750,2019,
espn,NOR,1610612740,2019,
espn,NYK,1610612752,2019,
espn,OKC,1610612760,2019,
espn,ORL,1610612753,2019,
espn,PHI,1610612755,2019,
espn,PHO,1610612756,2019,
espn,POR,1610612757,2019,
espn,SAC,1610612758,2019,
espn,SAN,1610612759,2019,
espn,TOR,1610612761,2019,
espn,UTA,1610612762,2019,
espn,WAS,1610612764,2019,
bbref,ATL,1610612737,2010,
bbref,BOS,1610612738,2010,
bbref,BRK,1610612751,2013,
bbref,CHA,1610612766,2010,2014
bbref,CHI,1610612741,2010,
bbref,CHO,1610612766,2015,
bbref,CLE,1610612739,2010,
bbref,DAL,1610612742,2010,
bbref,DEN,1610612743,2010,
bbref,DET,1610612765,2010,
bbref,GSW,1610612744,2010,
bbref,HOU,1610612745,2010,
bbref,IND,1610612754,2010,
bbref,LAC,1610612746,2010,
bbref,LAL,1610612747,2010,
bbref,MEM,1610612763,2010,
bbref,MIA,1610612748,2010,
bbref,MIL,1610612749,2010,
bbref,MIN,1610612750,2010,
bbref,NJN,1610612751,2010,2012
bbref,NOH,1610612740,2010,2013
bbref,NOP,1610612740,2014,
bbref,NYK,1610612752,2010,
bbref,OKC,1610612760,2010,
bbref,ORL,1610612753,2010,
bbref,PHI,1610612755,2010,
bbref,PHO,1610612756,2010,
bbref,POR,1610612757,2010,
bbref,SAC,1610612758,2010,
bbref,SAS,1610612759,2010,
bbref,TOR,1610612761,2010,
bbref,UTA,1610612762,2010,
bbref,WAS,1610612764,2010,
ctg,1,1610612737,2010,
ctg,2,1610612738,2010,
ctg,3,1610612751,2010,
ctg,4,1610612766,2010,
ctg,5,1610612741,2010,
ctg,6,1610612739,2010,
ctg,7,1610612742,2010,
ctg,8,1610612743,2010,
ctg,9,1610612765,2010,
ctg,10,1610612744,2010,
ctg,11,1610612745,2010,
ctg,12,1610612754,2010,
ctg,13,1610612746,2010,
ctg,14,1610612747,2010,
ctg,15,1610612763,2010,
ctg,16,1610612748,2010,
ctg,17,1610612749,2010,
ctg,18,1610612750,2010,
ctg,19,1610612740,2010,
ctg,20,1610612752,2010,
ctg,21,1610612760,2010,
ctg,22,1610612753,2010,
ctg,23,1610612755,2010,
ctg,24,1610612756,2010,
ctg,25,1610612757,2010,
ctg,26,1610612758,2010,
ctg,27,1610612759,2010,
ctg,28,1610612761,2010,
ctg,29,1610612762,2010,
ctg,30,1610612764,2010,
