source,abbrev,team_id,first_season,last_season
espn,ATL,1610612737,2019,
espn,BOS,1610612738,2019,
espn,BRK,1610612751,2019,
espn,CHA,1610612766,2019,
espn,CHI,1610612741,2019,
espn,CLE,1610612739,2019,
espn,DAL,1610612742,2019,
espn,DEN,1610612743,2019,
espn,DET,1610612765,2019,
espn,GSW,1610612744,2019,
espn,HOU,1610612745,2019,
espn,IND,1610612754,2019,
espn,LAC,1610612746,2019,
espn,LAL,1610612747,2019,
espn,MEM,1610612763,2019,
espn,MIA,1610612748,2019,
espn,MIL,1610612749,2019,
espn,MIN,1610612750,2019,
espn,NOR,1610612740,2019,
espn,NYK,1610612752,2019,
espn,OKC,1610612760,2019,
espn,ORL,1610612753,2019,
espn,PHI,1610612755,2019,
espn,PHO,1610612756,2019,
espn,POR,1610612757,2019,
espn,SAC,1610612758,2019,
espn,SAN,1610612759,2019,
espn,TOR,1610612761,2019,
espn,UTA,1610612762,2019,
espn,WAS,1610612764,2019,
